id_produto,nome_produto,tipo_produto,valor_unitario
P0001,Produto 0001,BI,3456.24
P0002,Produto 0002,Suporte,2158.73
P0003,Produto 0003,Adicional,1047.3
P0004,Produto 0004,Aplicativo,1420.91
P0005,Produto 0005,Suporte,833.7
P0006,Produto 0006,Suporte,764.9
P0007,Produto 0007,BI,3260.29
P0008,Produto 0008,Suporte,2065.34
P0009,Produto 0009,Aplicativo,523.54
P0010,Produto 0010,Adicional,2076.18
P0011,Produto 0011,Aplicativo,4739.19
P0012,Produto 0012,BI,4580.84
P0013,Produto 0013,Suporte,2893.2
P0014,Produto 0014,Adicional,346.58
P0015,Produto 0015,Integração,1365.0
P0016,Produto 0016,Adicional,4442.29
P0017,Produto 0017,Suporte,3944.65
P0018,Produto 0018,Integração,3120.37
P0019,Produto 0019,BI,567.57
P0020,Produto 0020,Aplicativo,1370.54
P0021,Produto 0021,Adicional,1164.41
P0022,Produto 0022,Segurança,1711.19
P0023,Produto 0023,Integração,4632.19
P0024,Produto 0024,Adicional,4214.92
P0025,Produto 0025,Suporte,4886.2
P0026,Produto 0026,Adicional,1269.63
P0027,Produto 0027,CRM,4362.17
P0028,Produto 0028,BI,3021.47
P0029,Produto 0029,BI,1171.18
P0030,Produto 0030,Aplicativo,2809.75
P0031,Produto 0031,ERP,2830.39
P0032,Produto 0032,Aplicativo,1361.52
P0033,Produto 0033,ERP,4737.67
P0034,Produto 0034,CRM,1659.57
P0035,Produto 0035,Aplicativo,1429.18
P0036,Produto 0036,Suporte,4695.94
P0037,Produto 0037,Segurança,4294.71
P0038,Produto 0038,BI,802.42
P0039,Produto 0039,Aplicativo,4940.83
P0040,Produto 0040,Adicional,3317.54
P0041,Produto 0041,Segurança,1054.72
P0042,Produto 0042,Adicional,1135.36
P0043,Produto 0043,Segurança,1634.43
P0044,Produto 0044,Integração,1734.75
P0045,Produto 0045,Segurança,470.78
P0046,Produto 0046,Suporte,3565.76
P0047,Produto 0047,Segurança,1684.43
P0048,Produto 0048,Segurança,3836.57
P0049,Produto 0049,Aplicativo,2066.51
P0050,Produto 0050,Integração,3095.51
P0051,Produto 0051,Adicional,3686.66
P0052,Produto 0052,Adicional,2883.77
P0053,Produto 0053,Aplicativo,3661.81
P0054,Produto 0054,ERP,1620.36
P0055,Produto 0055,Integração,3270.89
P0056,Produto 0056,BI,4277.31
P0057,Produto 0057,Segurança,4618.44
P0058,Produto 0058,Aplicativo,4285.42
P0059,Produto 0059,Segurança,1499.2
P0060,Produto 0060,CRM,4564.4
P0061,Produto 0061,CRM,4888.39
P0062,Produto 0062,CRM,4724.13
P0063,Produto 0063,CRM,2233.81
P0064,Produto 0064,Aplicativo,402.07
P0065,Produto 0065,Suporte,3582.69
P0066,Produto 0066,Aplicativo,3806.9
P0067,Produto 0067,Suporte,2442.37
P0068,Produto 0068,CRM,4555.17
P0069,Produto 0069,Aplicativo,2329.28
P0070,Produto 0070,ERP,1527.97
P0071,Produto 0071,Segurança,1476.23
P0072,Produto 0072,BI,3807.86
P0073,Produto 0073,Segurança,3894.82
P0074,Produto 0074,Aplicativo,2400.04
P0075,Produto 0075,Adicional,1267.9
P0076,Produto 0076,Aplicativo,4819.5
P0077,Produto 0077,Aplicativo,4210.67
P0078,Produto 0078,Adicional,499.58
P0079,Produto 0079,ERP,679.31
P0080,Produto 0080,Integração,835.38
P0081,Produto 0081,Suporte,2667.86
P0082,Produto 0082,ERP,694.03
P0083,Produto 0083,Integração,3625.11
P0084,Produto 0084,Integração,2064.81
P0085,Produto 0085,BI,3659.3
P0086,Produto 0086,Adicional,2170.39
P0087,Produto 0087,Integração,3193.44
P0088,Produto 0088,CRM,1550.64
P0089,Produto 0089,Integração,2656.65
P0090,Produto 0090,Adicional,2165.13
P0091,Produto 0091,CRM,615.27
P0092,Produto 0092,Adicional,1386.25
P0093,Produto 0093,Adicional,3033.76
P0094,Produto 0094,ERP,2347.93
P0095,Produto 0095,Segurança,4048.17
P0096,Produto 0096,Aplicativo,680.65
P0097,Produto 0097,Aplicativo,2169.05
P0098,Produto 0098,Integração,3279.82
P0099,Produto 0099,BI,4554.1
P0100,Produto 0100,ERP,3166.17
P0101,Produto 0101,Suporte,4989.27
P0102,Produto 0102,CRM,377.42
P0103,Produto 0103,Integração,4224.51
P0104,Produto 0104,Aplicativo,2311.28
P0105,Produto 0105,BI,2017.6
P0106,Produto 0106,Adicional,2943.89
P0107,Produto 0107,CRM,1924.19
P0108,Produto 0108,Integração,3417.56
P0109,Produto 0109,Aplicativo,3879.56
P0110,Produto 0110,Aplicativo,1986.02
P0111,Produto 0111,Integração,4936.69
P0112,Produto 0112,CRM,3673.44
P0113,Produto 0113,BI,967.83
P0114,Produto 0114,CRM,1935.33
P0115,Produto 0115,BI,4468.26
P0116,Produto 0116,Integração,337.32
P0117,Produto 0117,ERP,1228.38
P0118,Produto 0118,Suporte,4351.78
P0119,Produto 0119,CRM,1431.72
P0120,Produto 0120,Segurança,1712.54
P0121,Produto 0121,Aplicativo,4889.1
P0122,Produto 0122,Aplicativo,2555.7
P0123,Produto 0123,BI,1667.21
P0124,Produto 0124,Integração,2112.23
P0125,Produto 0125,CRM,3013.53
P0126,Produto 0126,BI,2062.19
P0127,Produto 0127,Adicional,704.43
P0128,Produto 0128,Integração,4612.7
P0129,Produto 0129,Adicional,3332.9
P0130,Produto 0130,CRM,4813.92
P0131,Produto 0131,Segurança,3105.0
P0132,Produto 0132,ERP,1238.98
P0133,Produto 0133,Segurança,4982.59
P0134,Produto 0134,Integração,1593.48
P0135,Produto 0135,BI,4863.43
P0136,Produto 0136,Suporte,3598.51
P0137,Produto 0137,Adicional,872.87
P0138,Produto 0138,BI,1028.28
P0139,Produto 0139,Aplicativo,2160.99
P0140,Produto 0140,Segurança,3123.62
P0141,Produto 0141,Segurança,4428.92
P0142,Produto 0142,CRM,3446.32
P0143,Produto 0143,ERP,3691.07
P0144,Produto 0144,Suporte,1685.45
P0145,Produto 0145,Segurança,2071.98
P0146,Produto 0146,Integração,3644.88
P0147,Produto 0147,ERP,2775.5
P0148,Produto 0148,CRM,4852.94
P0149,Produto 0149,Integração,2580.46
P0150,Produto 0150,Aplicativo,4944.79
P0151,Produto 0151,CRM,4005.42
P0152,Produto 0152,BI,3387.92
P0153,Produto 0153,Segurança,4669.66
P0154,Produto 0154,BI,1097.87
P0155,Produto 0155,Suporte,584.49
P0156,Produto 0156,ERP,1169.2
P0157,Produto 0157,Suporte,4745.83
P0158,Produto 0158,BI,3574.76
P0159,Produto 0159,Integração,1854.25
P0160,Produto 0160,Suporte,3604.7
P0161,Produto 0161,BI,2640.97
P0162,Produto 0162,Integração,3849.55
P0163,Produto 0163,Adicional,696.22
P0164,Produto 0164,Integração,2586.89
P0165,Produto 0165,Integração,1469.88
P0166,Produto 0166,Integração,3327.77
P0167,Produto 0167,Adicional,1353.75
P0168,Produto 0168,CRM,2478.63
P0169,Produto 0169,Segurança,3399.51
P0170,Produto 0170,BI,3263.86
P0171,Produto 0171,Aplicativo,493.26
P0172,Produto 0172,Aplicativo,4747.32
P0173,Produto 0173,Suporte,711.11
P0174,Produto 0174,Suporte,2267.32
P0175,Produto 0175,Integração,4834.27
P0176,Produto 0176,Adicional,4396.31
P0177,Produto 0177,Segurança,4658.94
P0178,Produto 0178,BI,100.46
P0179,Produto 0179,Adicional,3292.55
P0180,Produto 0180,Adicional,2276.04
P0181,Produto 0181,Adicional,4200.46
P0182,Produto 0182,CRM,2372.4
P0183,Produto 0183,Integração,4510.24
P0184,Produto 0184,CRM,4054.35
P0185,Produto 0185,Integração,2459.27
P0186,Produto 0186,CRM,916.27
P0187,Produto 0187,CRM,4534.95
P0188,Produto 0188,ERP,3382.13
P0189,Produto 0189,Suporte,862.02
P0190,Produto 0190,Adicional,468.34
P0191,Produto 0191,BI,1234.01
P0192,Produto 0192,BI,1928.71
P0193,Produto 0193,CRM,4647.24
P0194,Produto 0194,Segurança,210.79
P0195,Produto 0195,BI,1416.59
P0196,Produto 0196,Aplicativo,2126.54
P0197,Produto 0197,Integração,611.24
P0198,Produto 0198,Adicional,1019.33
P0199,Produto 0199,Aplicativo,3447.66
P0200,Produto 0200,Aplicativo,636.49
P0201,Produto 0201,Segurança,4311.6
P0202,Produto 0202,Integração,4605.01
P0203,Produto 0203,Suporte,4755.38
P0204,Produto 0204,Adicional,3276.06
P0205,Produto 0205,Adicional,945.79
P0206,Produto 0206,Integração,4930.1
P0207,Produto 0207,Integração,2190.9
P0208,Produto 0208,CRM,4776.41
P0209,Produto 0209,CRM,2793.22
P0210,Produto 0210,Aplicativo,4945.47
P0211,Produto 0211,BI,3473.19
P0212,Produto 0212,Integração,1802.97
P0213,Produto 0213,ERP,3107.22
P0214,Produto 0214,BI,2546.06
P0215,Produto 0215,BI,1708.47
P0216,Produto 0216,Suporte,895.23
P0217,Produto 0217,Integração,1762.0
P0218,Produto 0218,Suporte,4027.49
P0219,Produto 0219,Adicional,263.42
P0220,Produto 0220,CRM,1423.44
P0221,Produto 0221,Aplicativo,4836.88
P0222,Produto 0222,CRM,3427.39
P0223,Produto 0223,BI,1424.5
P0224,Produto 0224,Adicional,990.65
P0225,Produto 0225,Aplicativo,1505.1
P0226,Produto 0226,Integração,1203.99
P0227,Produto 0227,Segurança,474.48
P0228,Produto 0228,Adicional,2765.62
P0229,Produto 0229,Aplicativo,748.57
P0230,Produto 0230,Aplicativo,2293.69
P0231,Produto 0231,BI,237.52
P0232,Produto 0232,ERP,2762.5
P0233,Produto 0233,Integração,3736.96
P0234,Produto 0234,CRM,4096.04
P0235,Produto 0235,BI,1286.46
P0236,Produto 0236,Segurança,652.3
P0237,Produto 0237,Aplicativo,416.81
P0238,Produto 0238,BI,3556.95
P0239,Produto 0239,BI,2027.92
P0240,Produto 0240,BI,2714.63
P0241,Produto 0241,Integração,2928.66
P0242,Produto 0242,ERP,818.65
P0243,Produto 0243,BI,176.7
P0244,Produto 0244,Adicional,4397.28
P0245,Produto 0245,BI,1109.58
P0246,Produto 0246,Integração,3792.44
P0247,Produto 0247,Suporte,999.02
P0248,Produto 0248,Aplicativo,2993.1
P0249,Produto 0249,Segurança,4355.23
P0250,Produto 0250,Integração,4368.54
P0251,Produto 0251,Suporte,1470.55
P0252,Produto 0252,BI,2086.18
P0253,Produto 0253,ERP,3731.54
P0254,Produto 0254,CRM,3025.92
P0255,Produto 0255,Aplicativo,4583.71
P0256,Produto 0256,Suporte,371.85
P0257,Produto 0257,Integração,3440.37
P0258,Produto 0258,CRM,2197.88
P0259,Produto 0259,Aplicativo,2826.89
P0260,Produto 0260,Integração,823.6
P0261,Produto 0261,Aplicativo,1114.16
P0262,Produto 0262,Segurança,818.45
P0263,Produto 0263,CRM,449.62
P0264,Produto 0264,Suporte,3497.12
P0265,Produto 0265,Segurança,216.43
P0266,Produto 0266,ERP,4907.14
P0267,Produto 0267,BI,728.41
P0268,Produto 0268,Integração,3290.27
P0269,Produto 0269,Adicional,4980.47
P0270,Produto 0270,ERP,1685.11
P0271,Produto 0271,BI,4954.61
P0272,Produto 0272,ERP,157.44
P0273,Produto 0273,Suporte,2173.91
P0274,Produto 0274,CRM,3793.77
P0275,Produto 0275,Adicional,3023.52
P0276,Produto 0276,CRM,4901.29
P0277,Produto 0277,BI,1158.01
P0278,Produto 0278,CRM,1899.69
P0279,Produto 0279,ERP,2965.02
P0280,Produto 0280,BI,2890.94
P0281,Produto 0281,BI,4434.85
P0282,Produto 0282,Integração,262.17
P0283,Produto 0283,Suporte,1405.57
P0284,Produto 0284,CRM,2076.98
P0285,Produto 0285,BI,4130.91
P0286,Produto 0286,BI,923.15
P0287,Produto 0287,Integração,2360.61
P0288,Produto 0288,Aplicativo,333.54
P0289,Produto 0289,Segurança,1979.59
P0290,Produto 0290,Adicional,3798.44
P0291,Produto 0291,Suporte,2258.48
P0292,Produto 0292,ERP,2506.2
P0293,Produto 0293,Suporte,2289.27
P0294,Produto 0294,Integração,1587.08
P0295,Produto 0295,Segurança,200.7
P0296,Produto 0296,Suporte,4440.65
P0297,Produto 0297,Segurança,1431.93
P0298,Produto 0298,Adicional,3446.04
P0299,Produto 0299,CRM,138.89
P0300,Produto 0300,Suporte,4915.26
P0301,Produto 0301,BI,2994.24
P0302,Produto 0302,ERP,2366.29
P0303,Produto 0303,Segurança,4519.41
P0304,Produto 0304,BI,705.69
P0305,Produto 0305,Suporte,717.88
P0306,Produto 0306,Integração,4601.94
P0307,Produto 0307,Adicional,2946.6
P0308,Produto 0308,BI,2959.49
P0309,Produto 0309,ERP,2627.65
P0310,Produto 0310,Adicional,405.33
P0311,Produto 0311,CRM,1821.83
P0312,Produto 0312,Integração,2616.0
P0313,Produto 0313,Aplicativo,2217.33
P0314,Produto 0314,Aplicativo,2376.18
P0315,Produto 0315,Suporte,2089.42
P0316,Produto 0316,Aplicativo,645.0
P0317,Produto 0317,Suporte,3141.67
P0318,Produto 0318,CRM,2659.87
P0319,Produto 0319,Segurança,3322.33
P0320,Produto 0320,Adicional,1624.96
P0321,Produto 0321,Integração,4881.43
P0322,Produto 0322,CRM,1826.2
P0323,Produto 0323,Adicional,2617.33
P0324,Produto 0324,Suporte,487.26
P0325,Produto 0325,Suporte,1184.15
P0326,Produto 0326,Adicional,2768.25
P0327,Produto 0327,Suporte,722.26
P0328,Produto 0328,Aplicativo,506.49
P0329,Produto 0329,BI,1396.61
P0330,Produto 0330,BI,872.09
P0331,Produto 0331,ERP,2456.37
P0332,Produto 0332,Segurança,1574.09
P0333,Produto 0333,Integração,3643.2
P0334,Produto 0334,Segurança,3584.89
P0335,Produto 0335,Segurança,3017.95
P0336,Produto 0336,Segurança,1453.07
P0337,Produto 0337,Aplicativo,1885.76
P0338,Produto 0338,BI,1819.09
P0339,Produto 0339,Integração,4729.5
P0340,Produto 0340,ERP,4699.76
P0341,Produto 0341,BI,1499.94
P0342,Produto 0342,ERP,780.66
P0343,Produto 0343,Integração,459.38
P0344,Produto 0344,Suporte,3486.6
P0345,Produto 0345,CRM,1060.93
P0346,Produto 0346,Adicional,142.55
P0347,Produto 0347,Integração,4682.51
P0348,Produto 0348,BI,3317.56
P0349,Produto 0349,BI,3818.0
P0350,Produto 0350,Suporte,1830.82
P0351,Produto 0351,Adicional,160.51
P0352,Produto 0352,Integração,1091.0
P0353,Produto 0353,Aplicativo,1107.52
P0354,Produto 0354,Aplicativo,2024.09
P0355,Produto 0355,Adicional,2425.49
P0356,Produto 0356,Aplicativo,4865.35
P0357,Produto 0357,Segurança,456.54
P0358,Produto 0358,Segurança,2951.43
P0359,Produto 0359,ERP,3060.0
P0360,Produto 0360,Integração,3350.61
P0361,Produto 0361,Suporte,4319.32
P0362,Produto 0362,CRM,3658.51
P0363,Produto 0363,CRM,2579.89
P0364,Produto 0364,BI,2721.99
P0365,Produto 0365,Adicional,2751.24
P0366,Produto 0366,Suporte,2174.67
P0367,Produto 0367,CRM,2695.5
P0368,Produto 0368,Adicional,912.13
P0369,Produto 0369,Suporte,1873.14
P0370,Produto 0370,CRM,790.41
P0371,Produto 0371,CRM,123.17
P0372,Produto 0372,Aplicativo,146.56
P0373,Produto 0373,Segurança,2051.53
P0374,Produto 0374,ERP,4768.14
P0375,Produto 0375,ERP,4961.32
P0376,Produto 0376,Suporte,1113.14
P0377,Produto 0377,BI,2144.63
P0378,Produto 0378,Integração,3764.44
P0379,Produto 0379,Adicional,4082.75
P0380,Produto 0380,Suporte,235.26
P0381,Produto 0381,Adicional,2640.58
P0382,Produto 0382,Aplicativo,1000.37
P0383,Produto 0383,BI,1153.91
P0384,Produto 0384,Segurança,556.65
P0385,Produto 0385,BI,4900.59
P0386,Produto 0386,Segurança,195.54
P0387,Produto 0387,CRM,2850.81
P0388,Produto 0388,Aplicativo,4846.79
P0389,Produto 0389,Adicional,4845.08
P0390,Produto 0390,Segurança,2748.2
P0391,Produto 0391,Segurança,182.0
P0392,Produto 0392,Aplicativo,4685.86
P0393,Produto 0393,Aplicativo,1310.37
P0394,Produto 0394,ERP,993.46
P0395,Produto 0395,Integração,3602.4
P0396,Produto 0396,BI,3408.29
P0397,Produto 0397,Integração,4704.9
P0398,Produto 0398,Suporte,3100.87
P0399,Produto 0399,ERP,2084.79
P0400,Produto 0400,BI,1894.46
P0401,Produto 0401,BI,3040.24
P0402,Produto 0402,BI,325.01
P0403,Produto 0403,Integração,1247.59
P0404,Produto 0404,CRM,1366.01
P0405,Produto 0405,Segurança,1026.42
P0406,Produto 0406,Integração,4225.16
P0407,Produto 0407,CRM,4101.4
P0408,Produto 0408,Integração,2118.08
P0409,Produto 0409,CRM,4062.06
P0410,Produto 0410,Adicional,1703.07
P0411,Produto 0411,Aplicativo,530.09
P0412,Produto 0412,ERP,1636.82
P0413,Produto 0413,BI,2582.97
P0414,Produto 0414,BI,2661.52
P0415,Produto 0415,Segurança,3271.73
P0416,Produto 0416,Integração,1092.39
P0417,Produto 0417,ERP,2927.66
P0418,Produto 0418,Segurança,4400.12
P0419,Produto 0419,CRM,4565.61
P0420,Produto 0420,Suporte,1592.4
P0421,Produto 0421,Suporte,3002.0
P0422,Produto 0422,ERP,620.06
P0423,Produto 0423,Adicional,1576.87
P0424,Produto 0424,Integração,613.58
P0425,Produto 0425,ERP,4198.11
P0426,Produto 0426,BI,570.41
P0427,Produto 0427,Suporte,2917.92
P0428,Produto 0428,Aplicativo,1183.52
P0429,Produto 0429,Adicional,144.78
P0430,Produto 0430,CRM,2077.64
P0431,Produto 0431,CRM,2194.18
P0432,Produto 0432,Suporte,292.61
P0433,Produto 0433,Aplicativo,4918.0
P0434,Produto 0434,BI,2036.18
P0435,Produto 0435,ERP,3706.18
P0436,Produto 0436,Segurança,374.07
P0437,Produto 0437,Adicional,2944.17
P0438,Produto 0438,Suporte,194.04
P0439,Produto 0439,BI,3478.13
P0440,Produto 0440,CRM,4264.87
P0441,Produto 0441,BI,4529.73
P0442,Produto 0442,CRM,3748.01
P0443,Produto 0443,CRM,2270.48
P0444,Produto 0444,Aplicativo,4387.15
P0445,Produto 0445,Integração,3938.3
P0446,Produto 0446,Segurança,240.67
P0447,Produto 0447,BI,1609.85
P0448,Produto 0448,CRM,699.95
P0449,Produto 0449,Aplicativo,1438.21
P0450,Produto 0450,Adicional,3700.11
P0451,Produto 0451,ERP,1239.84
P0452,Produto 0452,ERP,3911.82
P0453,Produto 0453,BI,1339.31
P0454,Produto 0454,Suporte,2208.31
P0455,Produto 0455,Suporte,2147.68
P0456,Produto 0456,Segurança,2968.47
P0457,Produto 0457,Segurança,2756.32
P0458,Produto 0458,Integração,1541.89
P0459,Produto 0459,Suporte,2944.57
P0460,Produto 0460,Segurança,3209.6
P0461,Produto 0461,BI,2837.19
P0462,Produto 0462,ERP,4869.39
P0463,Produto 0463,Integração,2922.55
P0464,Produto 0464,Integração,283.03
P0465,Produto 0465,Suporte,2165.47
P0466,Produto 0466,Suporte,3072.02
P0467,Produto 0467,BI,3119.2
P0468,Produto 0468,Suporte,1174.54
P0469,Produto 0469,Suporte,804.08
P0470,Produto 0470,BI,1824.79
P0471,Produto 0471,BI,3078.36
P0472,Produto 0472,Adicional,3592.22
P0473,Produto 0473,CRM,4775.14
P0474,Produto 0474,ERP,1718.38
P0475,Produto 0475,CRM,906.01
P0476,Produto 0476,Aplicativo,837.8
P0477,Produto 0477,BI,3650.47
P0478,Produto 0478,BI,627.84
P0479,Produto 0479,Suporte,2002.2
P0480,Produto 0480,BI,3115.82
P0481,Produto 0481,Suporte,4240.06
P0482,Produto 0482,BI,4142.31
P0483,Produto 0483,Adicional,1121.48
P0484,Produto 0484,Suporte,4079.94
P0485,Produto 0485,BI,1150.31
P0486,Produto 0486,Suporte,3721.74
P0487,Produto 0487,Integração,3143.71
P0488,Produto 0488,Aplicativo,2038.6
P0489,Produto 0489,Integração,2514.49
P0490,Produto 0490,Suporte,2863.45
P0491,Produto 0491,BI,4000.45
P0492,Produto 0492,ERP,2469.7
P0493,Produto 0493,ERP,1755.58
P0494,Produto 0494,BI,797.67
P0495,Produto 0495,CRM,2801.99
P0496,Produto 0496,Integração,2019.42
P0497,Produto 0497,Suporte,1916.22
P0498,Produto 0498,Suporte,4731.95
P0499,Produto 0499,Aplicativo,2062.46
P0500,Produto 0500,BI,4716.14
P0501,Produto 0501,Integração,4845.37
P0502,Produto 0502,Integração,2879.95
P0503,Produto 0503,Integração,285.2
P0504,Produto 0504,BI,1254.66
P0505,Produto 0505,Segurança,1371.77
P0506,Produto 0506,CRM,169.73
P0507,Produto 0507,CRM,616.23
P0508,Produto 0508,ERP,2762.55
P0509,Produto 0509,BI,224.04
P0510,Produto 0510,Suporte,2179.38
P0511,Produto 0511,Suporte,2893.16
P0512,Produto 0512,Integração,2912.5
P0513,Produto 0513,Integração,3445.8
P0514,Produto 0514,CRM,2731.35
P0515,Produto 0515,ERP,4971.67
P0516,Produto 0516,Aplicativo,2151.1
P0517,Produto 0517,Suporte,1150.34
P0518,Produto 0518,Aplicativo,419.14
P0519,Produto 0519,Integração,2172.0
P0520,Produto 0520,ERP,1268.27
P0521,Produto 0521,CRM,2709.82
P0522,Produto 0522,Segurança,2712.36
P0523,Produto 0523,CRM,4977.3
P0524,Produto 0524,ERP,815.69
P0525,Produto 0525,CRM,4098.88
P0526,Produto 0526,Segurança,137.43
P0527,Produto 0527,Segurança,4903.23
P0528,Produto 0528,Integração,4595.12
P0529,Produto 0529,Segurança,1728.58
P0530,Produto 0530,Adicional,434.16
P0531,Produto 0531,Integração,692.07
P0532,Produto 0532,Aplicativo,4525.2
P0533,Produto 0533,Segurança,3340.78
P0534,Produto 0534,Suporte,682.3
P0535,Produto 0535,Suporte,2968.62
P0536,Produto 0536,Segurança,2982.85
P0537,Produto 0537,Aplicativo,968.13
P0538,Produto 0538,Adicional,1786.51
P0539,Produto 0539,Adicional,4532.42
P0540,Produto 0540,ERP,3749.29
P0541,Produto 0541,Segurança,3047.26
P0542,Produto 0542,Adicional,1151.59
P0543,Produto 0543,Suporte,2516.89
P0544,Produto 0544,Adicional,637.18
P0545,Produto 0545,Aplicativo,554.49
P0546,Produto 0546,Suporte,4649.1
P0547,Produto 0547,Integração,1121.29
P0548,Produto 0548,Suporte,213.73
P0549,Produto 0549,CRM,3459.28
P0550,Produto 0550,Adicional,3591.5
P0551,Produto 0551,Suporte,1724.12
P0552,Produto 0552,Aplicativo,1260.78
P0553,Produto 0553,Suporte,955.59
P0554,Produto 0554,Suporte,2676.3
P0555,Produto 0555,Suporte,4768.11
P0556,Produto 0556,Aplicativo,2442.09
P0557,Produto 0557,ERP,1572.27
P0558,Produto 0558,Aplicativo,4999.8
P0559,Produto 0559,Aplicativo,2208.32
P0560,Produto 0560,Segurança,408.69
P0561,Produto 0561,Segurança,326.45
P0562,Produto 0562,CRM,2688.03
P0563,Produto 0563,Aplicativo,1200.12
P0564,Produto 0564,Integração,130.95
P0565,Produto 0565,Suporte,4802.55
P0566,Produto 0566,Suporte,3232.26
P0567,Produto 0567,Adicional,2611.27
P0568,Produto 0568,BI,4273.08
P0569,Produto 0569,Integração,913.58
P0570,Produto 0570,Adicional,1065.63
P0571,Produto 0571,Adicional,4157.83
P0572,Produto 0572,Segurança,4792.12
P0573,Produto 0573,Segurança,933.09
P0574,Produto 0574,ERP,1507.88
P0575,Produto 0575,BI,4442.66
P0576,Produto 0576,Adicional,4123.15
P0577,Produto 0577,ERP,798.04
P0578,Produto 0578,Suporte,4842.08
P0579,Produto 0579,BI,1204.47
P0580,Produto 0580,Aplicativo,2592.71
P0581,Produto 0581,Segurança,4750.33
P0582,Produto 0582,Segurança,1062.02
P0583,Produto 0583,Segurança,4028.41
P0584,Produto 0584,CRM,4855.63
P0585,Produto 0585,CRM,3342.85
P0586,Produto 0586,Suporte,3852.5
P0587,Produto 0587,Suporte,4415.83
P0588,Produto 0588,ERP,3640.21
P0589,Produto 0589,Integração,4367.22
P0590,Produto 0590,ERP,1962.14
P0591,Produto 0591,Aplicativo,848.81
P0592,Produto 0592,Integração,4775.62
P0593,Produto 0593,ERP,4889.98
P0594,Produto 0594,Integração,1203.45
P0595,Produto 0595,Integração,3279.89
P0596,Produto 0596,Adicional,3714.68
P0597,Produto 0597,Aplicativo,322.7
P0598,Produto 0598,Suporte,2381.84
P0599,Produto 0599,Adicional,2377.17
P0600,Produto 0600,CRM,3835.31
P0601,Produto 0601,Suporte,2001.21
P0602,Produto 0602,Adicional,3135.25
P0603,Produto 0603,Integração,2429.39
P0604,Produto 0604,Integração,3933.55
P0605,Produto 0605,Integração,1621.57
P0606,Produto 0606,Integração,1218.27
P0607,Produto 0607,Adicional,1831.58
P0608,Produto 0608,Aplicativo,3717.63
P0609,Produto 0609,BI,1171.53
P0610,Produto 0610,Segurança,3888.21
P0611,Produto 0611,Aplicativo,1706.35
P0612,Produto 0612,Suporte,916.3
P0613,Produto 0613,Segurança,3380.48
P0614,Produto 0614,Aplicativo,4505.66
P0615,Produto 0615,Segurança,4097.52
P0616,Produto 0616,BI,2596.28
P0617,Produto 0617,Segurança,1269.86
P0618,Produto 0618,Adicional,409.9
P0619,Produto 0619,ERP,3938.56
P0620,Produto 0620,BI,2653.19
P0621,Produto 0621,ERP,220.54
P0622,Produto 0622,Segurança,4861.45
P0623,Produto 0623,BI,907.9
P0624,Produto 0624,Adicional,665.95
P0625,Produto 0625,Suporte,2885.75
P0626,Produto 0626,Suporte,2126.9
P0627,Produto 0627,Segurança,429.29
P0628,Produto 0628,Segurança,483.48
P0629,Produto 0629,BI,3424.71
P0630,Produto 0630,ERP,535.03
P0631,Produto 0631,Suporte,1051.18
P0632,Produto 0632,Suporte,697.13
P0633,Produto 0633,ERP,1631.27
P0634,Produto 0634,Aplicativo,4101.67
P0635,Produto 0635,BI,289.56
P0636,Produto 0636,Integração,4958.31
P0637,Produto 0637,BI,3274.25
P0638,Produto 0638,BI,506.12
P0639,Produto 0639,Aplicativo,329.66
P0640,Produto 0640,Segurança,3277.45
P0641,Produto 0641,Suporte,4007.97
P0642,Produto 0642,Segurança,836.15
P0643,Produto 0643,ERP,150.54
P0644,Produto 0644,Suporte,830.35
P0645,Produto 0645,Integração,4502.42
P0646,Produto 0646,Integração,234.65
P0647,Produto 0647,Adicional,473.39
P0648,Produto 0648,Segurança,4353.95
P0649,Produto 0649,Integração,2922.02
P0650,Produto 0650,Adicional,130.44
P0651,Produto 0651,Suporte,1703.04
P0652,Produto 0652,Integração,2757.8
P0653,Produto 0653,Segurança,977.14
P0654,Produto 0654,CRM,4655.93
P0655,Produto 0655,Segurança,4444.57
P0656,Produto 0656,Aplicativo,3026.54
P0657,Produto 0657,Suporte,4311.42
P0658,Produto 0658,Adicional,995.03
P0659,Produto 0659,Suporte,613.93
P0660,Produto 0660,CRM,1382.33
P0661,Produto 0661,Integração,2095.3
P0662,Produto 0662,Aplicativo,2499.81
P0663,Produto 0663,Integração,4130.86
P0664,Produto 0664,CRM,3426.88
P0665,Produto 0665,CRM,2802.01
P0666,Produto 0666,CRM,2362.67
P0667,Produto 0667,ERP,1481.9
P0668,Produto 0668,Suporte,3873.63
P0669,Produto 0669,Segurança,1948.28
P0670,Produto 0670,Aplicativo,2654.94
P0671,Produto 0671,Adicional,1721.62
P0672,Produto 0672,CRM,2513.19
P0673,Produto 0673,Integração,1198.08
P0674,Produto 0674,Suporte,2309.48
P0675,Produto 0675,CRM,2839.57
P0676,Produto 0676,CRM,4449.81
P0677,Produto 0677,Suporte,1856.99
P0678,Produto 0678,Aplicativo,810.39
P0679,Produto 0679,Segurança,3801.8
P0680,Produto 0680,CRM,3944.04
P0681,Produto 0681,Suporte,288.28
P0682,Produto 0682,Suporte,171.87
P0683,Produto 0683,Aplicativo,2838.0
P0684,Produto 0684,CRM,3557.16
P0685,Produto 0685,Adicional,2063.17
P0686,Produto 0686,BI,1952.82
P0687,Produto 0687,CRM,2877.61
P0688,Produto 0688,Adicional,264.8
P0689,Produto 0689,Aplicativo,2219.75
P0690,Produto 0690,BI,1540.85
P0691,Produto 0691,Segurança,2097.81
P0692,Produto 0692,Integração,405.16
P0693,Produto 0693,CRM,1734.98
P0694,Produto 0694,CRM,1667.34
P0695,Produto 0695,Aplicativo,693.76
P0696,Produto 0696,Suporte,901.94
P0697,Produto 0697,ERP,3552.39
P0698,Produto 0698,Integração,2480.72
P0699,Produto 0699,Segurança,3828.96
P0700,Produto 0700,Aplicativo,1873.74
P0701,Produto 0701,Segurança,3835.34
P0702,Produto 0702,CRM,897.07
P0703,Produto 0703,Suporte,3190.29
P0704,Produto 0704,Segurança,2352.02
P0705,Produto 0705,Adicional,1954.86
P0706,Produto 0706,Suporte,2062.71
P0707,Produto 0707,CRM,4612.3
P0708,Produto 0708,Aplicativo,1554.95
P0709,Produto 0709,Segurança,1905.9
P0710,Produto 0710,Suporte,3206.58
P0711,Produto 0711,Adicional,2252.66
P0712,Produto 0712,Adicional,1137.7
P0713,Produto 0713,Aplicativo,2518.31
P0714,Produto 0714,BI,3347.57
P0715,Produto 0715,ERP,1714.1
P0716,Produto 0716,Suporte,1773.12
P0717,Produto 0717,Segurança,2418.93
P0718,Produto 0718,Segurança,3396.8
P0719,Produto 0719,CRM,4716.77
P0720,Produto 0720,Aplicativo,2660.62
P0721,Produto 0721,Aplicativo,657.78
P0722,Produto 0722,Adicional,1303.05
P0723,Produto 0723,Aplicativo,4245.41
P0724,Produto 0724,BI,3958.56
P0725,Produto 0725,Aplicativo,2530.79
P0726,Produto 0726,Aplicativo,1798.39
P0727,Produto 0727,Suporte,1980.92
P0728,Produto 0728,Adicional,1716.92
P0729,Produto 0729,Aplicativo,1113.98
P0730,Produto 0730,Integração,853.29
P0731,Produto 0731,BI,725.54
P0732,Produto 0732,Aplicativo,1495.7
P0733,Produto 0733,CRM,4132.87
P0734,Produto 0734,ERP,1205.03
P0735,Produto 0735,BI,3180.38
P0736,Produto 0736,ERP,520.7
P0737,Produto 0737,Suporte,2852.09
P0738,Produto 0738,Suporte,3912.96
P0739,Produto 0739,Aplicativo,3268.67
P0740,Produto 0740,CRM,3188.83
P0741,Produto 0741,BI,3005.31
P0742,Produto 0742,Suporte,3037.7
P0743,Produto 0743,Suporte,3947.34
P0744,Produto 0744,ERP,2188.03
P0745,Produto 0745,Integração,4879.91
P0746,Produto 0746,Segurança,435.27
P0747,Produto 0747,BI,932.2
P0748,Produto 0748,Segurança,2746.1
P0749,Produto 0749,ERP,2142.45
P0750,Produto 0750,Segurança,2686.07
P0751,Produto 0751,ERP,3436.09
P0752,Produto 0752,Segurança,4685.67
P0753,Produto 0753,Adicional,1868.64
P0754,Produto 0754,Suporte,1490.76
P0755,Produto 0755,BI,139.73
P0756,Produto 0756,Suporte,3526.6
P0757,Produto 0757,Segurança,3460.28
P0758,Produto 0758,CRM,1398.02
P0759,Produto 0759,Aplicativo,935.68
P0760,Produto 0760,Aplicativo,4255.05
P0761,Produto 0761,Segurança,3600.65
P0762,Produto 0762,CRM,4805.56
P0763,Produto 0763,ERP,734.47
P0764,Produto 0764,Suporte,673.36
P0765,Produto 0765,Segurança,1799.17
P0766,Produto 0766,CRM,3477.34
P0767,Produto 0767,Aplicativo,1252.09
P0768,Produto 0768,Aplicativo,1078.31
P0769,Produto 0769,BI,2444.73
P0770,Produto 0770,Suporte,2124.37
P0771,Produto 0771,Integração,1238.4
P0772,Produto 0772,Segurança,469.18
P0773,Produto 0773,Suporte,4770.19
P0774,Produto 0774,Segurança,1819.26
P0775,Produto 0775,Adicional,3486.78
P0776,Produto 0776,Suporte,1418.41
P0777,Produto 0777,ERP,4675.73
P0778,Produto 0778,Aplicativo,1033.91
P0779,Produto 0779,Integração,4866.26
P0780,Produto 0780,BI,1603.85
P0781,Produto 0781,Aplicativo,4386.61
P0782,Produto 0782,BI,2469.1
P0783,Produto 0783,BI,3752.45
P0784,Produto 0784,ERP,2955.96
P0785,Produto 0785,BI,1710.58
P0786,Produto 0786,Suporte,1478.88
P0787,Produto 0787,Segurança,2137.94
P0788,Produto 0788,Integração,1947.75
P0789,Produto 0789,Integração,771.11
P0790,Produto 0790,Aplicativo,2968.62
P0791,Produto 0791,Integração,348.69
P0792,Produto 0792,Integração,4573.37
P0793,Produto 0793,Integração,3459.55
P0794,Produto 0794,Aplicativo,3711.99
P0795,Produto 0795,Suporte,132.79
P0796,Produto 0796,Aplicativo,4625.53
P0797,Produto 0797,Suporte,4526.84
P0798,Produto 0798,Segurança,3048.18
P0799,Produto 0799,Segurança,3247.15
P0800,Produto 0800,Integração,3190.15
P0801,Produto 0801,BI,3527.74
P0802,Produto 0802,Segurança,4260.0
P0803,Produto 0803,Suporte,3069.88
P0804,Produto 0804,Integração,1790.98
P0805,Produto 0805,Aplicativo,2788.37
P0806,Produto 0806,ERP,2612.16
P0807,Produto 0807,Segurança,994.9
P0808,Produto 0808,ERP,362.22
P0809,Produto 0809,Aplicativo,4219.39
P0810,Produto 0810,Suporte,1861.71
P0811,Produto 0811,Segurança,1422.71
P0812,Produto 0812,CRM,2383.99
P0813,Produto 0813,Adicional,978.74
P0814,Produto 0814,CRM,562.92
P0815,Produto 0815,Integração,3196.44
P0816,Produto 0816,Suporte,383.05
P0817,Produto 0817,ERP,1425.96
P0818,Produto 0818,Aplicativo,1792.74
P0819,Produto 0819,Segurança,1412.02
P0820,Produto 0820,ERP,3294.43
P0821,Produto 0821,Aplicativo,414.55
P0822,Produto 0822,Adicional,2021.03
P0823,Produto 0823,Segurança,4844.1
P0824,Produto 0824,ERP,4811.47
P0825,Produto 0825,Suporte,4672.18
P0826,Produto 0826,BI,1949.29
P0827,Produto 0827,Integração,4454.98
P0828,Produto 0828,Aplicativo,2798.21
P0829,Produto 0829,ERP,4622.29
P0830,Produto 0830,Integração,1977.12
P0831,Produto 0831,Suporte,3272.75
P0832,Produto 0832,ERP,2904.36
P0833,Produto 0833,Adicional,2163.72
P0834,Produto 0834,Adicional,4746.23
P0835,Produto 0835,Integração,316.73
P0836,Produto 0836,Integração,1830.87
P0837,Produto 0837,ERP,1920.14
P0838,Produto 0838,Segurança,2713.68
P0839,Produto 0839,Aplicativo,880.42
P0840,Produto 0840,Aplicativo,3588.63
P0841,Produto 0841,ERP,3219.49
P0842,Produto 0842,BI,1745.02
P0843,Produto 0843,BI,3908.88
P0844,Produto 0844,Adicional,551.11
P0845,Produto 0845,Segurança,1514.71
P0846,Produto 0846,Segurança,2359.22
P0847,Produto 0847,CRM,3385.51
P0848,Produto 0848,BI,3242.46
P0849,Produto 0849,Segurança,2908.69
P0850,Produto 0850,ERP,246.38
P0851,Produto 0851,BI,762.26
P0852,Produto 0852,ERP,291.79
P0853,Produto 0853,ERP,4922.53
P0854,Produto 0854,ERP,1657.6
P0855,Produto 0855,Aplicativo,2922.59
P0856,Produto 0856,Segurança,2440.32
P0857,Produto 0857,Segurança,3537.86
P0858,Produto 0858,Integração,3719.24
P0859,Produto 0859,Segurança,1972.94
P0860,Produto 0860,Aplicativo,532.33
P0861,Produto 0861,Adicional,4528.28
P0862,Produto 0862,Aplicativo,627.78
P0863,Produto 0863,Adicional,3749.48
P0864,Produto 0864,BI,3244.09
P0865,Produto 0865,Aplicativo,3865.22
P0866,Produto 0866,Suporte,4790.18
P0867,Produto 0867,Segurança,1146.11
P0868,Produto 0868,Aplicativo,2260.56
P0869,Produto 0869,Segurança,2023.6
P0870,Produto 0870,Adicional,3960.44
P0871,Produto 0871,Aplicativo,689.94
P0872,Produto 0872,Adicional,599.38
P0873,Produto 0873,Aplicativo,1273.23
P0874,Produto 0874,ERP,3090.44
P0875,Produto 0875,BI,1120.28
P0876,Produto 0876,Segurança,4581.15
P0877,Produto 0877,Aplicativo,1940.28
P0878,Produto 0878,Integração,2030.39
P0879,Produto 0879,Integração,4413.18
P0880,Produto 0880,CRM,2851.08
P0881,Produto 0881,ERP,3310.7
P0882,Produto 0882,Segurança,3503.26
P0883,Produto 0883,BI,3839.66
P0884,Produto 0884,CRM,3106.75
P0885,Produto 0885,BI,2124.76
P0886,Produto 0886,Suporte,3054.75
P0887,Produto 0887,ERP,1058.81
P0888,Produto 0888,BI,2873.05
P0889,Produto 0889,ERP,4454.16
P0890,Produto 0890,CRM,1770.35
P0891,Produto 0891,CRM,4566.29
P0892,Produto 0892,Suporte,471.16
P0893,Produto 0893,Aplicativo,2162.88
P0894,Produto 0894,BI,1860.08
P0895,Produto 0895,CRM,303.78
P0896,Produto 0896,CRM,4978.14
P0897,Produto 0897,Aplicativo,2491.59
P0898,Produto 0898,Adicional,3727.06
P0899,Produto 0899,Aplicativo,4489.79
P0900,Produto 0900,ERP,3924.08
P0901,Produto 0901,Integração,2598.23
P0902,Produto 0902,Suporte,3037.42
P0903,Produto 0903,CRM,2790.14
P0904,Produto 0904,Suporte,1488.93
P0905,Produto 0905,Segurança,3040.55
P0906,Produto 0906,CRM,366.92
P0907,Produto 0907,ERP,3636.22
P0908,Produto 0908,Suporte,900.97
P0909,Produto 0909,Aplicativo,3723.88
P0910,Produto 0910,BI,1835.52
P0911,Produto 0911,Integração,4333.2
P0912,Produto 0912,Adicional,2200.65
P0913,Produto 0913,Segurança,3381.7
P0914,Produto 0914,Integração,4757.83
P0915,Produto 0915,Segurança,1058.68
P0916,Produto 0916,ERP,547.29
P0917,Produto 0917,Integração,2083.65
P0918,Produto 0918,ERP,4857.12
P0919,Produto 0919,BI,458.39
P0920,Produto 0920,Suporte,2265.61
P0921,Produto 0921,BI,4932.93
P0922,Produto 0922,Suporte,3952.33
P0923,Produto 0923,CRM,4965.13
P0924,Produto 0924,ERP,2705.36
P0925,Produto 0925,Aplicativo,4420.66
P0926,Produto 0926,Segurança,3400.45
P0927,Produto 0927,Adicional,814.45
P0928,Produto 0928,CRM,4806.1
P0929,Produto 0929,Suporte,3699.01
P0930,Produto 0930,BI,3508.41
P0931,Produto 0931,BI,4944.68
P0932,Produto 0932,CRM,3079.16
P0933,Produto 0933,Integração,334.51
P0934,Produto 0934,Integração,2299.8
P0935,Produto 0935,Adicional,3001.04
P0936,Produto 0936,Segurança,593.74
P0937,Produto 0937,ERP,3302.6
P0938,Produto 0938,Aplicativo,323.18
P0939,Produto 0939,BI,2767.14
P0940,Produto 0940,CRM,4331.61
P0941,Produto 0941,CRM,1304.96
P0942,Produto 0942,Segurança,2766.96
P0943,Produto 0943,Integração,2304.88
P0944,Produto 0944,CRM,4425.33
P0945,Produto 0945,CRM,1600.01
P0946,Produto 0946,Integração,2616.94
P0947,Produto 0947,Suporte,146.66
P0948,Produto 0948,BI,4169.16
P0949,Produto 0949,Aplicativo,899.15
P0950,Produto 0950,ERP,3784.94
P0951,Produto 0951,ERP,204.36
P0952,Produto 0952,Adicional,2207.56
P0953,Produto 0953,Segurança,2530.09
P0954,Produto 0954,BI,1682.02
P0955,Produto 0955,Adicional,3569.92
P0956,Produto 0956,Suporte,1920.16
P0957,Produto 0957,BI,166.8
P0958,Produto 0958,BI,2431.07
P0959,Produto 0959,Integração,3775.21
P0960,Produto 0960,Adicional,4493.75
P0961,Produto 0961,Integração,1704.49
P0962,Produto 0962,Segurança,3112.27
P0963,Produto 0963,Adicional,3403.09
P0964,Produto 0964,Aplicativo,4912.11
P0965,Produto 0965,Integração,4066.83
P0966,Produto 0966,Adicional,3544.54
P0967,Produto 0967,Aplicativo,1749.81
P0968,Produto 0968,Segurança,4381.34
P0969,Produto 0969,BI,918.03
P0970,Produto 0970,Aplicativo,1761.8
P0971,Produto 0971,BI,1624.95
P0972,Produto 0972,Segurança,3932.19
P0973,Produto 0973,Integração,3220.84
P0974,Produto 0974,ERP,4117.51
P0975,Produto 0975,CRM,711.1
P0976,Produto 0976,ERP,2643.84
P0977,Produto 0977,Adicional,4498.29
P0978,Produto 0978,ERP,1918.1
P0979,Produto 0979,Suporte,883.77
P0980,Produto 0980,Integração,2726.57
P0981,Produto 0981,ERP,4517.74
P0982,Produto 0982,ERP,1441.34
P0983,Produto 0983,CRM,1625.72
P0984,Produto 0984,CRM,217.75
P0985,Produto 0985,Suporte,4608.65
P0986,Produto 0986,ERP,2493.79
P0987,Produto 0987,Adicional,1746.21
P0988,Produto 0988,BI,1200.5
P0989,Produto 0989,Segurança,4733.7
P0990,Produto 0990,Aplicativo,1012.95
P0991,Produto 0991,Suporte,1741.53
P0992,Produto 0992,Segurança,3138.72
P0993,Produto 0993,Segurança,3968.15
P0994,Produto 0994,CRM,1476.98
P0995,Produto 0995,CRM,1734.61
P0996,Produto 0996,Adicional,387.97
P0997,Produto 0997,Integração,4047.54
P0998,Produto 0998,Integração,439.31
P0999,Produto 0999,CRM,4345.44
P1000,Produto 1000,Integração,4725.94
P1001,Produto 1001,Aplicativo,1677.94
P1002,Produto 1002,CRM,1718.15
P1003,Produto 1003,CRM,1936.29
P1004,Produto 1004,Segurança,2243.07
P1005,Produto 1005,Adicional,3694.44
P1006,Produto 1006,Segurança,2798.89
P1007,Produto 1007,Suporte,1640.46
P1008,Produto 1008,Integração,1644.64
P1009,Produto 1009,Suporte,3831.18
P1010,Produto 1010,BI,3737.16
P1011,Produto 1011,Segurança,1314.28
P1012,Produto 1012,Adicional,4968.54
P1013,Produto 1013,Aplicativo,985.2
P1014,Produto 1014,BI,407.89
P1015,Produto 1015,Suporte,2147.7
P1016,Produto 1016,ERP,2009.64
P1017,Produto 1017,Aplicativo,1381.07
P1018,Produto 1018,Segurança,1697.76
P1019,Produto 1019,Integração,137.45
P1020,Produto 1020,CRM,1340.13
P1021,Produto 1021,Segurança,2794.43
P1022,Produto 1022,Adicional,1225.45
P1023,Produto 1023,Integração,1170.47
P1024,Produto 1024,Aplicativo,4088.71
P1025,Produto 1025,Aplicativo,3842.72
P1026,Produto 1026,ERP,2123.21
P1027,Produto 1027,CRM,3861.05
P1028,Produto 1028,Adicional,1530.99
P1029,Produto 1029,Aplicativo,2204.94
P1030,Produto 1030,Aplicativo,4353.53
P1031,Produto 1031,CRM,3344.52
P1032,Produto 1032,Integração,2066.15
P1033,Produto 1033,Suporte,2315.8
P1034,Produto 1034,Segurança,4362.2
P1035,Produto 1035,Aplicativo,630.82
P1036,Produto 1036,CRM,3644.27
P1037,Produto 1037,ERP,2287.73
P1038,Produto 1038,BI,990.37
P1039,Produto 1039,Integração,3850.92
P1040,Produto 1040,Segurança,3540.77
P1041,Produto 1041,Adicional,764.36
P1042,Produto 1042,Adicional,1326.84
P1043,Produto 1043,Segurança,3961.1
P1044,Produto 1044,Integração,2831.61
P1045,Produto 1045,Adicional,3580.63
P1046,Produto 1046,Adicional,389.43
P1047,Produto 1047,Segurança,1076.34
P1048,Produto 1048,ERP,2305.92
P1049,Produto 1049,Suporte,2573.69
P1050,Produto 1050,Adicional,4218.25
P1051,Produto 1051,Adicional,4567.08
P1052,Produto 1052,Integração,2039.22
P1053,Produto 1053,Suporte,2745.54
P1054,Produto 1054,BI,478.32
P1055,Produto 1055,Aplicativo,4123.54
P1056,Produto 1056,Integração,3721.48
P1057,Produto 1057,Aplicativo,4786.01
P1058,Produto 1058,BI,1890.38
P1059,Produto 1059,Aplicativo,3872.29
P1060,Produto 1060,BI,4955.65
P1061,Produto 1061,CRM,1240.78
P1062,Produto 1062,CRM,4896.95
P1063,Produto 1063,Adicional,3914.66
P1064,Produto 1064,Suporte,2040.69
P1065,Produto 1065,BI,3721.94
P1066,Produto 1066,Segurança,3032.45
P1067,Produto 1067,Adicional,315.88
P1068,Produto 1068,Integração,3265.33
P1069,Produto 1069,Adicional,4055.8
P1070,Produto 1070,Suporte,535.11
P1071,Produto 1071,BI,3215.03
P1072,Produto 1072,Segurança,2519.49
P1073,Produto 1073,Integração,3067.89
P1074,Produto 1074,CRM,2940.52
P1075,Produto 1075,BI,413.9
P1076,Produto 1076,Adicional,4915.41
P1077,Produto 1077,BI,1337.98
P1078,Produto 1078,Aplicativo,2773.83
P1079,Produto 1079,ERP,4680.94
P1080,Produto 1080,Aplicativo,3580.09
P1081,Produto 1081,Aplicativo,2554.92
P1082,Produto 1082,Aplicativo,952.43
P1083,Produto 1083,Integração,2600.45
P1084,Produto 1084,BI,3512.77
P1085,Produto 1085,Adicional,1927.18
P1086,Produto 1086,Adicional,2565.48
P1087,Produto 1087,Adicional,4556.25
P1088,Produto 1088,Integração,1467.52
P1089,Produto 1089,ERP,4976.44
P1090,Produto 1090,Suporte,4394.43
P1091,Produto 1091,BI,4579.64
P1092,Produto 1092,Aplicativo,193.53
P1093,Produto 1093,Adicional,3284.98
P1094,Produto 1094,Aplicativo,3073.13
P1095,Produto 1095,Suporte,4415.39
P1096,Produto 1096,ERP,3726.37
P1097,Produto 1097,Integração,508.0
P1098,Produto 1098,Suporte,285.89
P1099,Produto 1099,Adicional,1879.52
P1100,Produto 1100,Aplicativo,3226.03
P1101,Produto 1101,Integração,2257.0
P1102,Produto 1102,CRM,4132.72
P1103,Produto 1103,BI,3237.39
P1104,Produto 1104,Integração,1761.15
P1105,Produto 1105,BI,3099.9
P1106,Produto 1106,Segurança,2570.24
P1107,Produto 1107,BI,3959.82
P1108,Produto 1108,Integração,3813.32
P1109,Produto 1109,Suporte,4799.03
P1110,Produto 1110,Suporte,1530.1
P1111,Produto 1111,CRM,1157.36
P1112,Produto 1112,Adicional,3864.75
P1113,Produto 1113,Aplicativo,3896.19
P1114,Produto 1114,Segurança,560.27
P1115,Produto 1115,Integração,838.78
P1116,Produto 1116,Suporte,3977.98
P1117,Produto 1117,Integração,358.9
P1118,Produto 1118,Segurança,238.21
P1119,Produto 1119,BI,3713.29
P1120,Produto 1120,Integração,3234.03
P1121,Produto 1121,Suporte,2363.67
P1122,Produto 1122,CRM,2621.76
P1123,Produto 1123,Suporte,1003.84
P1124,Produto 1124,Suporte,424.52
P1125,Produto 1125,CRM,4429.21
P1126,Produto 1126,Aplicativo,2873.05
P1127,Produto 1127,Adicional,799.96
P1128,Produto 1128,Suporte,4106.21
P1129,Produto 1129,Integração,4435.41
P1130,Produto 1130,CRM,773.13
P1131,Produto 1131,ERP,1136.44
P1132,Produto 1132,Aplicativo,1064.05
P1133,Produto 1133,CRM,4416.74
P1134,Produto 1134,CRM,1475.43
P1135,Produto 1135,Integração,4118.98
P1136,Produto 1136,ERP,1460.91
P1137,Produto 1137,ERP,3296.42
P1138,Produto 1138,CRM,1352.11
P1139,Produto 1139,BI,2966.7
P1140,Produto 1140,Integração,4724.29
P1141,Produto 1141,ERP,3835.58
P1142,Produto 1142,Integração,4835.01
P1143,Produto 1143,Suporte,4588.94
P1144,Produto 1144,Aplicativo,1550.95
P1145,Produto 1145,BI,4685.37
P1146,Produto 1146,Integração,1675.57
P1147,Produto 1147,Suporte,2744.08
P1148,Produto 1148,Aplicativo,3280.32
P1149,Produto 1149,Suporte,328.36
P1150,Produto 1150,Aplicativo,780.47
P1151,Produto 1151,BI,4503.05
P1152,Produto 1152,Integração,3279.16
P1153,Produto 1153,CRM,1141.11
P1154,Produto 1154,Aplicativo,1497.25
P1155,Produto 1155,BI,2039.63
P1156,Produto 1156,Integração,3846.08
P1157,Produto 1157,Adicional,4485.7
P1158,Produto 1158,ERP,1319.31
P1159,Produto 1159,Adicional,4802.51
P1160,Produto 1160,ERP,4785.68
P1161,Produto 1161,ERP,1216.72
P1162,Produto 1162,Integração,4409.77
P1163,Produto 1163,BI,4101.28
P1164,Produto 1164,BI,1244.48
P1165,Produto 1165,Suporte,3468.38
P1166,Produto 1166,Integração,2119.94
P1167,Produto 1167,Aplicativo,1887.91
P1168,Produto 1168,BI,185.51
P1169,Produto 1169,BI,1986.74
P1170,Produto 1170,ERP,4689.08
P1171,Produto 1171,ERP,1672.24
P1172,Produto 1172,Aplicativo,645.2
P1173,Produto 1173,BI,2895.04
P1174,Produto 1174,ERP,385.91
P1175,Produto 1175,Segurança,2247.45
P1176,Produto 1176,Segurança,1450.49
P1177,Produto 1177,Segurança,2042.04
P1178,Produto 1178,BI,2561.25
P1179,Produto 1179,Adicional,2891.09
P1180,Produto 1180,CRM,1674.92
P1181,Produto 1181,Suporte,4241.45
P1182,Produto 1182,Segurança,1291.12
P1183,Produto 1183,ERP,961.17
P1184,Produto 1184,Suporte,3191.09
P1185,Produto 1185,Adicional,4685.21
P1186,Produto 1186,Suporte,2524.6
P1187,Produto 1187,Adicional,1357.63
P1188,Produto 1188,Integração,2821.48
P1189,Produto 1189,Adicional,2034.27
P1190,Produto 1190,BI,3884.0
P1191,Produto 1191,Aplicativo,4863.92
P1192,Produto 1192,CRM,3127.54
P1193,Produto 1193,Suporte,2938.25
P1194,Produto 1194,BI,443.28
P1195,Produto 1195,Segurança,1335.58
P1196,Produto 1196,Integração,3235.25
P1197,Produto 1197,ERP,2134.26
P1198,Produto 1198,Suporte,1153.12
P1199,Produto 1199,Integração,3661.38
P1200,Produto 1200,CRM,1983.32
P1201,Produto 1201,Integração,928.14
P1202,Produto 1202,CRM,614.0
P1203,Produto 1203,Aplicativo,2031.68
P1204,Produto 1204,Segurança,2175.91
P1205,Produto 1205,ERP,4190.74
P1206,Produto 1206,Suporte,4210.49
P1207,Produto 1207,ERP,273.37
P1208,Produto 1208,Adicional,1506.21
P1209,Produto 1209,Suporte,1801.25
P1210,Produto 1210,Suporte,759.79
P1211,Produto 1211,Segurança,4945.83
P1212,Produto 1212,Adicional,3158.34
P1213,Produto 1213,Integração,1299.42
P1214,Produto 1214,BI,2928.23
P1215,Produto 1215,CRM,175.24
P1216,Produto 1216,BI,888.16
P1217,Produto 1217,Suporte,4877.9
P1218,Produto 1218,BI,1744.96
P1219,Produto 1219,Aplicativo,914.75
P1220,Produto 1220,Suporte,1497.49
P1221,Produto 1221,Segurança,2487.82
P1222,Produto 1222,Aplicativo,3333.45
P1223,Produto 1223,CRM,4365.29
P1224,Produto 1224,Suporte,4811.2
P1225,Produto 1225,ERP,4046.52
P1226,Produto 1226,Integração,3097.09
P1227,Produto 1227,BI,1939.35
P1228,Produto 1228,CRM,2019.91
P1229,Produto 1229,Suporte,2494.41
P1230,Produto 1230,BI,425.79
P1231,Produto 1231,Suporte,4293.26
P1232,Produto 1232,Adicional,3729.35
P1233,Produto 1233,Segurança,3342.47
P1234,Produto 1234,CRM,1851.43
P1235,Produto 1235,Aplicativo,387.05
P1236,Produto 1236,Segurança,2185.22
P1237,Produto 1237,BI,4945.63
P1238,Produto 1238,CRM,1269.71
P1239,Produto 1239,Integração,2633.68
P1240,Produto 1240,ERP,314.43
P1241,Produto 1241,Adicional,3270.57
P1242,Produto 1242,Segurança,226.91
P1243,Produto 1243,CRM,4334.45
P1244,Produto 1244,Integração,1059.34
P1245,Produto 1245,BI,148.15
P1246,Produto 1246,CRM,1839.81
P1247,Produto 1247,Aplicativo,3213.52
P1248,Produto 1248,BI,2317.99
P1249,Produto 1249,CRM,3344.41
P1250,Produto 1250,BI,2670.71
P1251,Produto 1251,Segurança,4524.89
P1252,Produto 1252,ERP,3509.63
P1253,Produto 1253,Aplicativo,587.59
P1254,Produto 1254,CRM,2801.95
P1255,Produto 1255,Adicional,2831.98
P1256,Produto 1256,Adicional,3231.71
P1257,Produto 1257,Segurança,3524.98
P1258,Produto 1258,Aplicativo,455.08
P1259,Produto 1259,Integração,2469.33
P1260,Produto 1260,ERP,680.24
P1261,Produto 1261,Suporte,4166.76
P1262,Produto 1262,BI,799.15
P1263,Produto 1263,BI,3131.7
P1264,Produto 1264,Segurança,924.2
P1265,Produto 1265,BI,885.46
P1266,Produto 1266,ERP,4416.93
P1267,Produto 1267,ERP,4288.94
P1268,Produto 1268,Adicional,4834.22
P1269,Produto 1269,Aplicativo,3786.78
P1270,Produto 1270,Suporte,1350.66
P1271,Produto 1271,Suporte,4678.01
P1272,Produto 1272,CRM,4845.81
P1273,Produto 1273,Adicional,4058.79
P1274,Produto 1274,Integração,4592.83
P1275,Produto 1275,ERP,3589.16
P1276,Produto 1276,Suporte,258.45
P1277,Produto 1277,Integração,4726.8
P1278,Produto 1278,Aplicativo,1218.84
P1279,Produto 1279,CRM,3035.18
P1280,Produto 1280,ERP,1439.41
P1281,Produto 1281,BI,4286.74
P1282,Produto 1282,BI,2968.49
P1283,Produto 1283,Aplicativo,4350.45
P1284,Produto 1284,Segurança,775.79
P1285,Produto 1285,ERP,3047.79
P1286,Produto 1286,ERP,963.45
P1287,Produto 1287,CRM,3472.11
P1288,Produto 1288,ERP,1017.93
P1289,Produto 1289,Integração,3511.27
P1290,Produto 1290,Suporte,4481.94
P1291,Produto 1291,Adicional,2246.99
P1292,Produto 1292,Suporte,1049.1
P1293,Produto 1293,Segurança,1013.06
P1294,Produto 1294,CRM,4776.11
P1295,Produto 1295,Integração,740.77
P1296,Produto 1296,BI,545.1
P1297,Produto 1297,CRM,3860.4
P1298,Produto 1298,CRM,3364.96
P1299,Produto 1299,CRM,1270.68
P1300,Produto 1300,Aplicativo,4014.15
P1301,Produto 1301,Integração,4518.86
P1302,Produto 1302,Segurança,1577.15
P1303,Produto 1303,CRM,1397.49
P1304,Produto 1304,Integração,1922.38
P1305,Produto 1305,Integração,390.06
P1306,Produto 1306,Suporte,1878.72
P1307,Produto 1307,Segurança,1825.15
P1308,Produto 1308,Segurança,4257.42
P1309,Produto 1309,Integração,1820.59
P1310,Produto 1310,Integração,956.37
P1311,Produto 1311,Adicional,1281.58
P1312,Produto 1312,Integração,2868.81
P1313,Produto 1313,Suporte,4582.89
P1314,Produto 1314,Segurança,828.99
P1315,Produto 1315,Segurança,1974.98
P1316,Produto 1316,Adicional,3574.04
P1317,Produto 1317,Segurança,1740.62
P1318,Produto 1318,Integração,4366.69
P1319,Produto 1319,Adicional,1924.27
P1320,Produto 1320,Segurança,3737.51
P1321,Produto 1321,Adicional,1406.65
P1322,Produto 1322,Aplicativo,943.0
P1323,Produto 1323,BI,1839.44
P1324,Produto 1324,Segurança,502.03
P1325,Produto 1325,Suporte,1051.99
P1326,Produto 1326,Adicional,942.88
P1327,Produto 1327,Suporte,175.1
P1328,Produto 1328,BI,1922.25
P1329,Produto 1329,CRM,3750.95
P1330,Produto 1330,CRM,563.82
P1331,Produto 1331,Adicional,4790.17
P1332,Produto 1332,Segurança,254.7
P1333,Produto 1333,Suporte,1621.84
P1334,Produto 1334,Integração,182.13
P1335,Produto 1335,Integração,1200.19
P1336,Produto 1336,Segurança,4867.71
P1337,Produto 1337,Aplicativo,4637.06
P1338,Produto 1338,Adicional,2033.94
P1339,Produto 1339,Integração,837.13
P1340,Produto 1340,CRM,2872.65
P1341,Produto 1341,Integração,592.89
P1342,Produto 1342,ERP,3330.87
P1343,Produto 1343,Adicional,646.12
P1344,Produto 1344,ERP,3227.79
P1345,Produto 1345,Segurança,394.79
P1346,Produto 1346,Adicional,794.31
P1347,Produto 1347,Aplicativo,695.24
P1348,Produto 1348,BI,3163.4
P1349,Produto 1349,Suporte,2818.88
P1350,Produto 1350,Adicional,4879.96
P1351,Produto 1351,Suporte,3189.01
P1352,Produto 1352,CRM,2546.74
P1353,Produto 1353,CRM,3658.05
P1354,Produto 1354,Adicional,260.16
P1355,Produto 1355,Integração,1011.17
P1356,Produto 1356,BI,2056.9
P1357,Produto 1357,Segurança,1078.83
P1358,Produto 1358,Suporte,1586.64
P1359,Produto 1359,Segurança,4711.69
P1360,Produto 1360,Suporte,3150.4
P1361,Produto 1361,CRM,998.66
P1362,Produto 1362,Integração,297.63
P1363,Produto 1363,BI,1954.33
P1364,Produto 1364,Suporte,2832.71
P1365,Produto 1365,Segurança,4067.1
P1366,Produto 1366,Segurança,1661.67
P1367,Produto 1367,BI,4414.74
P1368,Produto 1368,Aplicativo,3173.1
P1369,Produto 1369,CRM,3944.81
P1370,Produto 1370,Aplicativo,4944.05
P1371,Produto 1371,CRM,2011.77
P1372,Produto 1372,Segurança,3791.21
P1373,Produto 1373,Aplicativo,942.49
P1374,Produto 1374,CRM,2831.61
P1375,Produto 1375,Aplicativo,4194.87
P1376,Produto 1376,Integração,4596.14
P1377,Produto 1377,Integração,1564.12
P1378,Produto 1378,BI,2791.66
P1379,Produto 1379,CRM,2432.39
P1380,Produto 1380,ERP,3055.94
P1381,Produto 1381,Integração,2428.45
P1382,Produto 1382,Integração,3089.0
P1383,Produto 1383,CRM,4713.03
P1384,Produto 1384,CRM,691.64
P1385,Produto 1385,ERP,3727.15
P1386,Produto 1386,Adicional,3873.39
P1387,Produto 1387,Adicional,2381.05
P1388,Produto 1388,ERP,1117.99
P1389,Produto 1389,CRM,4512.3
P1390,Produto 1390,BI,3223.78
P1391,Produto 1391,ERP,4751.74
P1392,Produto 1392,Integração,1424.34
P1393,Produto 1393,BI,2907.07
P1394,Produto 1394,ERP,3860.67
P1395,Produto 1395,ERP,3200.2
P1396,Produto 1396,Suporte,4005.2
P1397,Produto 1397,BI,1267.11
P1398,Produto 1398,Suporte,4168.16
P1399,Produto 1399,Adicional,198.4
P1400,Produto 1400,Adicional,474.64
P1401,Produto 1401,Segurança,2382.21
P1402,Produto 1402,CRM,469.22
P1403,Produto 1403,Aplicativo,2777.9
P1404,Produto 1404,ERP,4466.02
P1405,Produto 1405,Suporte,4047.37
P1406,Produto 1406,Suporte,4685.12
P1407,Produto 1407,Suporte,857.73
P1408,Produto 1408,Aplicativo,4933.06
P1409,Produto 1409,Integração,4738.52
P1410,Produto 1410,Adicional,3957.72
P1411,Produto 1411,ERP,2096.37
P1412,Produto 1412,Segurança,2747.61
P1413,Produto 1413,Segurança,4834.52
P1414,Produto 1414,CRM,1856.86
P1415,Produto 1415,Integração,1182.36
P1416,Produto 1416,ERP,3633.7
P1417,Produto 1417,Integração,1138.34
P1418,Produto 1418,ERP,668.96
P1419,Produto 1419,Suporte,1049.7
P1420,Produto 1420,ERP,2693.74
P1421,Produto 1421,Aplicativo,2307.6
P1422,Produto 1422,ERP,1634.6
P1423,Produto 1423,CRM,1379.49
P1424,Produto 1424,BI,1002.44
P1425,Produto 1425,Adicional,2420.86
P1426,Produto 1426,Integração,1683.48
P1427,Produto 1427,Aplicativo,1038.66
P1428,Produto 1428,BI,4860.82
P1429,Produto 1429,Suporte,4103.29
P1430,Produto 1430,Suporte,4383.04
P1431,Produto 1431,Segurança,2493.13
P1432,Produto 1432,Suporte,2866.35
P1433,Produto 1433,ERP,708.82
P1434,Produto 1434,CRM,3412.63
P1435,Produto 1435,Integração,4260.5
P1436,Produto 1436,CRM,2651.48
P1437,Produto 1437,Integração,4796.48
P1438,Produto 1438,ERP,2636.64
P1439,Produto 1439,Integração,1948.09
P1440,Produto 1440,Segurança,4961.84
P1441,Produto 1441,Integração,4213.08
P1442,Produto 1442,Segurança,103.51
P1443,Produto 1443,Segurança,2876.46
P1444,Produto 1444,CRM,2950.55
P1445,Produto 1445,ERP,3060.63
P1446,Produto 1446,Aplicativo,2636.91
P1447,Produto 1447,Aplicativo,2528.04
P1448,Produto 1448,Suporte,4596.11
P1449,Produto 1449,ERP,4947.01
P1450,Produto 1450,BI,3526.77
P1451,Produto 1451,Suporte,478.86
P1452,Produto 1452,Suporte,2296.74
P1453,Produto 1453,Adicional,406.18
P1454,Produto 1454,Suporte,4476.48
P1455,Produto 1455,Aplicativo,4749.55
P1456,Produto 1456,Integração,3337.85
P1457,Produto 1457,Suporte,4164.95
P1458,Produto 1458,CRM,4999.58
P1459,Produto 1459,Segurança,4528.82
P1460,Produto 1460,Integração,4292.66
P1461,Produto 1461,BI,304.31
P1462,Produto 1462,ERP,3160.84
P1463,Produto 1463,ERP,2794.54
P1464,Produto 1464,CRM,1792.62
P1465,Produto 1465,Segurança,2657.06
P1466,Produto 1466,Suporte,2869.95
P1467,Produto 1467,Integração,4359.31
P1468,Produto 1468,Aplicativo,3199.57
P1469,Produto 1469,Integração,774.59
P1470,Produto 1470,ERP,1623.28
P1471,Produto 1471,Adicional,3329.9
P1472,Produto 1472,Integração,3867.6
P1473,Produto 1473,BI,409.4
P1474,Produto 1474,CRM,1146.7
P1475,Produto 1475,Segurança,1898.84
P1476,Produto 1476,BI,1957.02
P1477,Produto 1477,Suporte,4734.38
P1478,Produto 1478,Suporte,3971.47
P1479,Produto 1479,Integração,4039.43
P1480,Produto 1480,Segurança,2350.4
P1481,Produto 1481,Aplicativo,2218.51
P1482,Produto 1482,BI,3898.69
P1483,Produto 1483,Integração,424.11
P1484,Produto 1484,BI,3672.81
P1485,Produto 1485,Segurança,2603.1
P1486,Produto 1486,BI,1361.19
P1487,Produto 1487,Integração,504.61
P1488,Produto 1488,BI,728.62
P1489,Produto 1489,Aplicativo,4614.32
P1490,Produto 1490,Suporte,4948.81
P1491,Produto 1491,Segurança,107.8
P1492,Produto 1492,ERP,2762.98
P1493,Produto 1493,Aplicativo,2191.34
P1494,Produto 1494,Segurança,1732.39
P1495,Produto 1495,Aplicativo,3049.75
P1496,Produto 1496,Suporte,3104.83
P1497,Produto 1497,Suporte,1316.84
P1498,Produto 1498,ERP,4226.97
P1499,Produto 1499,Integração,473.58
P1500,Produto 1500,Suporte,3200.7
P1501,Produto 1501,Adicional,449.46
P1502,Produto 1502,Aplicativo,975.61
P1503,Produto 1503,Adicional,730.04
P1504,Produto 1504,ERP,1729.31
P1505,Produto 1505,CRM,4064.23
P1506,Produto 1506,ERP,1922.34
P1507,Produto 1507,ERP,3846.56
P1508,Produto 1508,Suporte,1471.49
P1509,Produto 1509,Integração,3598.41
P1510,Produto 1510,Segurança,1343.57
P1511,Produto 1511,Suporte,506.72
P1512,Produto 1512,ERP,2817.98
P1513,Produto 1513,CRM,3387.43
P1514,Produto 1514,Aplicativo,3729.32
P1515,Produto 1515,Suporte,3643.48
P1516,Produto 1516,Aplicativo,4259.91
P1517,Produto 1517,Aplicativo,135.5
P1518,Produto 1518,Integração,3684.88
P1519,Produto 1519,Adicional,1930.3
P1520,Produto 1520,Segurança,2951.24
P1521,Produto 1521,Adicional,514.02
P1522,Produto 1522,BI,2633.1
P1523,Produto 1523,Integração,1172.96
P1524,Produto 1524,BI,2879.8
P1525,Produto 1525,Suporte,2513.5
P1526,Produto 1526,BI,987.76
P1527,Produto 1527,CRM,3892.24
P1528,Produto 1528,BI,4178.37
P1529,Produto 1529,Integração,200.37
P1530,Produto 1530,Adicional,124.88
P1531,Produto 1531,ERP,4632.97
P1532,Produto 1532,Aplicativo,4914.31
P1533,Produto 1533,Adicional,4867.79
P1534,Produto 1534,Suporte,1258.58
P1535,Produto 1535,Integração,3987.77
P1536,Produto 1536,CRM,4213.05
P1537,Produto 1537,ERP,2629.33
P1538,Produto 1538,Adicional,228.63
P1539,Produto 1539,ERP,2500.43
P1540,Produto 1540,Adicional,991.02
P1541,Produto 1541,Integração,791.18
P1542,Produto 1542,Integração,2442.05
P1543,Produto 1543,Integração,2520.96
P1544,Produto 1544,Aplicativo,2370.88
P1545,Produto 1545,Segurança,3673.91
P1546,Produto 1546,BI,1425.7
P1547,Produto 1547,Aplicativo,826.27
P1548,Produto 1548,Segurança,332.6
P1549,Produto 1549,Segurança,2690.43
P1550,Produto 1550,ERP,4000.2
P1551,Produto 1551,BI,4128.9
P1552,Produto 1552,BI,1345.91
P1553,Produto 1553,Suporte,2066.12
P1554,Produto 1554,ERP,3264.16
P1555,Produto 1555,CRM,1487.17
P1556,Produto 1556,Adicional,3123.11
P1557,Produto 1557,Aplicativo,3777.26
P1558,Produto 1558,BI,3729.04
P1559,Produto 1559,Suporte,2655.1
P1560,Produto 1560,Segurança,1943.01
P1561,Produto 1561,Integração,3707.97
P1562,Produto 1562,Segurança,2664.02
P1563,Produto 1563,ERP,3879.75
P1564,Produto 1564,Segurança,4315.92
P1565,Produto 1565,Segurança,3932.62
P1566,Produto 1566,Adicional,2971.34
P1567,Produto 1567,Suporte,1911.16
P1568,Produto 1568,BI,914.56
P1569,Produto 1569,Adicional,145.27
P1570,Produto 1570,BI,2008.68
P1571,Produto 1571,Adicional,338.91
P1572,Produto 1572,CRM,3770.41
P1573,Produto 1573,Suporte,3205.95
P1574,Produto 1574,Integração,263.65
P1575,Produto 1575,Adicional,334.7
P1576,Produto 1576,ERP,3931.19
P1577,Produto 1577,Aplicativo,113.37
P1578,Produto 1578,BI,881.48
P1579,Produto 1579,Integração,3785.41
P1580,Produto 1580,Adicional,2624.48
P1581,Produto 1581,ERP,173.34
P1582,Produto 1582,Integração,3399.98
P1583,Produto 1583,CRM,3430.1
P1584,Produto 1584,Suporte,3501.08
P1585,Produto 1585,Adicional,4256.52
P1586,Produto 1586,CRM,4346.91
P1587,Produto 1587,Integração,4030.74
P1588,Produto 1588,Segurança,4316.73
P1589,Produto 1589,Suporte,2964.41
P1590,Produto 1590,BI,226.93
P1591,Produto 1591,CRM,4547.47
P1592,Produto 1592,Adicional,1770.1
P1593,Produto 1593,Adicional,3683.62
P1594,Produto 1594,ERP,1376.5
P1595,Produto 1595,Integração,2006.43
P1596,Produto 1596,ERP,804.1
P1597,Produto 1597,Segurança,3839.29
P1598,Produto 1598,Suporte,1628.45
P1599,Produto 1599,Aplicativo,302.34
P1600,Produto 1600,Segurança,2676.51
P1601,Produto 1601,Aplicativo,314.94
P1602,Produto 1602,CRM,2953.0
P1603,Produto 1603,Integração,2534.57
P1604,Produto 1604,Suporte,1159.05
P1605,Produto 1605,BI,1055.75
P1606,Produto 1606,Adicional,3216.68
P1607,Produto 1607,ERP,2533.56
P1608,Produto 1608,Adicional,2047.94
P1609,Produto 1609,BI,4887.78
P1610,Produto 1610,Segurança,3066.35
P1611,Produto 1611,Integração,1647.82
P1612,Produto 1612,Integração,1368.7
P1613,Produto 1613,CRM,907.42
P1614,Produto 1614,ERP,3213.28
P1615,Produto 1615,CRM,4416.11
P1616,Produto 1616,ERP,725.42
P1617,Produto 1617,Suporte,2537.76
P1618,Produto 1618,Aplicativo,4715.36
P1619,Produto 1619,Suporte,466.14
P1620,Produto 1620,BI,384.8
P1621,Produto 1621,BI,2401.71
P1622,Produto 1622,Integração,396.57
P1623,Produto 1623,Segurança,3205.98
P1624,Produto 1624,Suporte,3057.07
P1625,Produto 1625,CRM,2485.08
P1626,Produto 1626,Aplicativo,4493.83
P1627,Produto 1627,BI,702.25
P1628,Produto 1628,Integração,1365.52
P1629,Produto 1629,ERP,571.57
P1630,Produto 1630,BI,4464.88
P1631,Produto 1631,CRM,1734.16
P1632,Produto 1632,Adicional,3406.11
P1633,Produto 1633,Segurança,4338.58
P1634,Produto 1634,Suporte,1495.87
P1635,Produto 1635,ERP,3309.95
P1636,Produto 1636,Integração,2181.67
P1637,Produto 1637,ERP,4248.95
P1638,Produto 1638,BI,574.84
P1639,Produto 1639,ERP,2505.31
P1640,Produto 1640,Suporte,3289.01
P1641,Produto 1641,ERP,4904.95
P1642,Produto 1642,Integração,1853.23
P1643,Produto 1643,Aplicativo,2941.13
P1644,Produto 1644,Adicional,2594.0
P1645,Produto 1645,Integração,2965.29
P1646,Produto 1646,Aplicativo,2113.25
P1647,Produto 1647,Aplicativo,372.15
P1648,Produto 1648,Integração,3401.02
P1649,Produto 1649,Suporte,1497.7
P1650,Produto 1650,Segurança,3713.3
P1651,Produto 1651,BI,1503.56
P1652,Produto 1652,Segurança,1775.98
P1653,Produto 1653,ERP,3696.93
P1654,Produto 1654,Adicional,1433.98
P1655,Produto 1655,Suporte,2518.65
P1656,Produto 1656,ERP,2119.73
P1657,Produto 1657,Aplicativo,2815.72
P1658,Produto 1658,Segurança,4014.92
P1659,Produto 1659,Integração,2760.88
P1660,Produto 1660,CRM,3417.37
P1661,Produto 1661,Integração,2479.31
P1662,Produto 1662,Integração,4797.02
P1663,Produto 1663,Aplicativo,1053.49
P1664,Produto 1664,ERP,2379.39
P1665,Produto 1665,BI,4945.89
P1666,Produto 1666,Aplicativo,1556.3
P1667,Produto 1667,Integração,4671.36
P1668,Produto 1668,BI,3871.19
P1669,Produto 1669,Aplicativo,2583.03
P1670,Produto 1670,CRM,1923.06
P1671,Produto 1671,Integração,728.08
P1672,Produto 1672,Adicional,4829.93
P1673,Produto 1673,Segurança,704.86
P1674,Produto 1674,ERP,441.27
P1675,Produto 1675,ERP,248.75
P1676,Produto 1676,Adicional,3036.31
P1677,Produto 1677,Segurança,717.25
P1678,Produto 1678,Segurança,4179.99
P1679,Produto 1679,Aplicativo,131.99
P1680,Produto 1680,CRM,782.94
P1681,Produto 1681,CRM,2405.59
P1682,Produto 1682,Suporte,2090.0
P1683,Produto 1683,Integração,1366.72
P1684,Produto 1684,Adicional,2144.35
P1685,Produto 1685,Adicional,1678.51
P1686,Produto 1686,BI,1477.64
P1687,Produto 1687,Segurança,3109.83
P1688,Produto 1688,Segurança,2766.08
P1689,Produto 1689,Suporte,1041.35
P1690,Produto 1690,CRM,4898.53
P1691,Produto 1691,ERP,1945.14
P1692,Produto 1692,Segurança,423.93
P1693,Produto 1693,BI,1472.09
P1694,Produto 1694,Suporte,2079.23
P1695,Produto 1695,CRM,935.28
P1696,Produto 1696,Integração,4032.17
P1697,Produto 1697,Segurança,3922.07
P1698,Produto 1698,Aplicativo,3877.98
P1699,Produto 1699,Integração,4275.53
P1700,Produto 1700,Aplicativo,634.58
P1701,Produto 1701,ERP,2707.53
P1702,Produto 1702,Segurança,676.42
P1703,Produto 1703,ERP,441.57
P1704,Produto 1704,Adicional,2098.84
P1705,Produto 1705,Suporte,844.35
P1706,Produto 1706,Segurança,4439.03
P1707,Produto 1707,Segurança,4503.44
P1708,Produto 1708,Segurança,669.06
P1709,Produto 1709,CRM,2605.15
P1710,Produto 1710,BI,547.34
P1711,Produto 1711,Suporte,2253.52
P1712,Produto 1712,Adicional,4081.5
P1713,Produto 1713,Aplicativo,1323.35
P1714,Produto 1714,Adicional,1740.4
P1715,Produto 1715,Aplicativo,3700.34
P1716,Produto 1716,CRM,3853.44
P1717,Produto 1717,Suporte,329.58
P1718,Produto 1718,Adicional,476.24
P1719,Produto 1719,Aplicativo,597.07
P1720,Produto 1720,Adicional,558.09
P1721,Produto 1721,Aplicativo,2540.93
P1722,Produto 1722,ERP,4214.58
P1723,Produto 1723,ERP,3377.76
P1724,Produto 1724,Suporte,1752.27
P1725,Produto 1725,Adicional,1813.26
P1726,Produto 1726,Integração,1815.97
P1727,Produto 1727,Integração,2373.47
P1728,Produto 1728,BI,920.21
P1729,Produto 1729,Suporte,399.52
P1730,Produto 1730,Adicional,4612.74
P1731,Produto 1731,Integração,4914.27
P1732,Produto 1732,Suporte,1708.29
P1733,Produto 1733,Aplicativo,1542.65
P1734,Produto 1734,Segurança,3793.84
P1735,Produto 1735,Adicional,178.76
P1736,Produto 1736,Integração,472.11
P1737,Produto 1737,Adicional,3057.2
P1738,Produto 1738,CRM,1953.15
P1739,Produto 1739,Suporte,4358.65
P1740,Produto 1740,BI,3358.4
P1741,Produto 1741,Suporte,4942.8
P1742,Produto 1742,Integração,3134.57
P1743,Produto 1743,Integração,4372.96
P1744,Produto 1744,BI,4719.7
P1745,Produto 1745,Segurança,2229.81
P1746,Produto 1746,Integração,2088.84
P1747,Produto 1747,Integração,471.02
P1748,Produto 1748,Segurança,990.8
P1749,Produto 1749,CRM,2150.97
P1750,Produto 1750,Segurança,4835.71
P1751,Produto 1751,Aplicativo,2805.23
P1752,Produto 1752,ERP,3950.69
P1753,Produto 1753,Segurança,2178.83
P1754,Produto 1754,CRM,2693.18
P1755,Produto 1755,Adicional,2034.18
P1756,Produto 1756,CRM,1881.23
P1757,Produto 1757,Aplicativo,1591.54
P1758,Produto 1758,BI,4266.25
P1759,Produto 1759,Segurança,2430.27
P1760,Produto 1760,ERP,4524.74
P1761,Produto 1761,ERP,3471.44
P1762,Produto 1762,Segurança,1553.15
P1763,Produto 1763,Suporte,4343.71
P1764,Produto 1764,Adicional,3171.04
P1765,Produto 1765,Integração,1806.77
P1766,Produto 1766,ERP,945.86
P1767,Produto 1767,ERP,1273.55
P1768,Produto 1768,Suporte,2864.83
P1769,Produto 1769,Adicional,3712.06
P1770,Produto 1770,ERP,1955.01
P1771,Produto 1771,Integração,3696.89
P1772,Produto 1772,Adicional,3275.25
P1773,Produto 1773,BI,1388.92
P1774,Produto 1774,Adicional,1591.59
P1775,Produto 1775,ERP,347.49
P1776,Produto 1776,Adicional,3194.01
P1777,Produto 1777,ERP,2402.45
P1778,Produto 1778,Integração,1133.15
P1779,Produto 1779,CRM,1385.19
P1780,Produto 1780,Integração,1560.41
P1781,Produto 1781,Adicional,2912.16
P1782,Produto 1782,Segurança,349.17
P1783,Produto 1783,Integração,4227.43
P1784,Produto 1784,Segurança,1805.8
P1785,Produto 1785,Adicional,3124.01
P1786,Produto 1786,Integração,1186.99
P1787,Produto 1787,Segurança,3151.43
P1788,Produto 1788,ERP,1768.25
P1789,Produto 1789,BI,3066.54
P1790,Produto 1790,Segurança,4046.02
P1791,Produto 1791,ERP,572.33
P1792,Produto 1792,CRM,4118.75
P1793,Produto 1793,Adicional,3011.05
P1794,Produto 1794,Suporte,2125.64
P1795,Produto 1795,Aplicativo,1857.04
P1796,Produto 1796,Integração,2942.26
P1797,Produto 1797,Segurança,4470.13
P1798,Produto 1798,CRM,3852.78
P1799,Produto 1799,ERP,802.91
P1800,Produto 1800,ERP,4771.49
P1801,Produto 1801,CRM,2009.37
P1802,Produto 1802,ERP,3066.35
P1803,Produto 1803,ERP,1536.19
P1804,Produto 1804,CRM,4323.71
P1805,Produto 1805,ERP,1057.25
P1806,Produto 1806,Integração,1753.07
P1807,Produto 1807,CRM,1887.44
P1808,Produto 1808,Integração,2723.86
P1809,Produto 1809,CRM,4741.0
P1810,Produto 1810,Aplicativo,4322.41
P1811,Produto 1811,Adicional,4695.02
P1812,Produto 1812,Integração,2065.62
P1813,Produto 1813,Integração,290.26
P1814,Produto 1814,Aplicativo,429.49
P1815,Produto 1815,Suporte,4165.71
P1816,Produto 1816,Integração,3104.21
P1817,Produto 1817,CRM,2728.04
P1818,Produto 1818,Segurança,150.55
P1819,Produto 1819,BI,1060.22
P1820,Produto 1820,CRM,2624.41
P1821,Produto 1821,Adicional,259.67
P1822,Produto 1822,ERP,4982.58
P1823,Produto 1823,Aplicativo,4854.8
P1824,Produto 1824,Aplicativo,1165.59
P1825,Produto 1825,Suporte,546.75
P1826,Produto 1826,Integração,738.55
P1827,Produto 1827,Aplicativo,1646.62
P1828,Produto 1828,ERP,1637.33
P1829,Produto 1829,Adicional,2358.39
P1830,Produto 1830,BI,3616.99
P1831,Produto 1831,Suporte,2702.76
P1832,Produto 1832,BI,1003.37
P1833,Produto 1833,ERP,3659.56
P1834,Produto 1834,Suporte,1861.1
P1835,Produto 1835,CRM,2247.63
P1836,Produto 1836,Suporte,1328.71
P1837,Produto 1837,Segurança,1333.05
P1838,Produto 1838,Segurança,668.56
P1839,Produto 1839,Aplicativo,944.64
P1840,Produto 1840,Suporte,3409.36
P1841,Produto 1841,Aplicativo,932.86
P1842,Produto 1842,CRM,2964.19
P1843,Produto 1843,CRM,3690.2
P1844,Produto 1844,Suporte,1558.68
P1845,Produto 1845,ERP,1393.8
P1846,Produto 1846,CRM,3446.92
P1847,Produto 1847,BI,4192.9
P1848,Produto 1848,ERP,1516.89
P1849,Produto 1849,CRM,3486.92
P1850,Produto 1850,ERP,3757.22
P1851,Produto 1851,ERP,3333.41
P1852,Produto 1852,Segurança,1462.43
P1853,Produto 1853,BI,2803.47
P1854,Produto 1854,BI,4412.04
P1855,Produto 1855,BI,2482.01
P1856,Produto 1856,Aplicativo,3747.43
P1857,Produto 1857,Segurança,2543.16
P1858,Produto 1858,Integração,563.04
P1859,Produto 1859,Adicional,4566.48
P1860,Produto 1860,Segurança,2633.65
P1861,Produto 1861,Integração,1380.46
P1862,Produto 1862,Adicional,1487.03
P1863,Produto 1863,CRM,412.44
P1864,Produto 1864,ERP,1771.99
P1865,Produto 1865,Suporte,1777.21
P1866,Produto 1866,Adicional,3070.99
P1867,Produto 1867,BI,928.4
P1868,Produto 1868,Aplicativo,2560.24
P1869,Produto 1869,ERP,1206.73
P1870,Produto 1870,ERP,1836.52
P1871,Produto 1871,ERP,341.72
P1872,Produto 1872,Suporte,4784.07
P1873,Produto 1873,Aplicativo,2913.19
P1874,Produto 1874,Adicional,3934.27
P1875,Produto 1875,Aplicativo,825.66
P1876,Produto 1876,ERP,4608.97
P1877,Produto 1877,Integração,2889.06
P1878,Produto 1878,BI,2967.07
P1879,Produto 1879,CRM,762.03
P1880,Produto 1880,Segurança,4757.29
P1881,Produto 1881,BI,2660.37
P1882,Produto 1882,BI,4782.99
P1883,Produto 1883,BI,3761.07
P1884,Produto 1884,Adicional,4745.29
P1885,Produto 1885,BI,918.69
P1886,Produto 1886,Adicional,878.3
P1887,Produto 1887,ERP,992.18
P1888,Produto 1888,CRM,2687.32
P1889,Produto 1889,Segurança,3843.44
P1890,Produto 1890,Integração,1133.02
P1891,Produto 1891,CRM,4271.02
P1892,Produto 1892,Aplicativo,132.49
P1893,Produto 1893,Segurança,3761.24
P1894,Produto 1894,Integração,3407.07
P1895,Produto 1895,Aplicativo,3719.38
P1896,Produto 1896,Segurança,4547.93
P1897,Produto 1897,Segurança,3049.24
P1898,Produto 1898,ERP,884.4
P1899,Produto 1899,Aplicativo,2579.35
P1900,Produto 1900,Segurança,4330.79
P1901,Produto 1901,ERP,574.19
P1902,Produto 1902,Aplicativo,4326.38
P1903,Produto 1903,Integração,1900.43
P1904,Produto 1904,CRM,2181.88
P1905,Produto 1905,Segurança,3623.37
P1906,Produto 1906,Adicional,3318.88
P1907,Produto 1907,Segurança,2685.21
P1908,Produto 1908,BI,2738.83
P1909,Produto 1909,Aplicativo,3011.43
P1910,Produto 1910,Aplicativo,3485.37
P1911,Produto 1911,Aplicativo,3331.17
P1912,Produto 1912,CRM,1603.32
P1913,Produto 1913,Adicional,2219.49
P1914,Produto 1914,ERP,2346.58
P1915,Produto 1915,Segurança,301.89
P1916,Produto 1916,Aplicativo,2528.69
P1917,Produto 1917,Segurança,3257.71
P1918,Produto 1918,Suporte,3470.89
P1919,Produto 1919,ERP,3142.09
P1920,Produto 1920,BI,3179.98
P1921,Produto 1921,Segurança,1776.25
P1922,Produto 1922,Integração,2519.29
P1923,Produto 1923,Aplicativo,1265.59
P1924,Produto 1924,CRM,1803.92
P1925,Produto 1925,Aplicativo,1164.87
P1926,Produto 1926,Aplicativo,1531.24
P1927,Produto 1927,BI,2479.78
P1928,Produto 1928,Aplicativo,3523.15
P1929,Produto 1929,Aplicativo,233.37
P1930,Produto 1930,Segurança,1424.97
P1931,Produto 1931,CRM,645.23
P1932,Produto 1932,Suporte,534.76
P1933,Produto 1933,ERP,1212.99
P1934,Produto 1934,CRM,1955.9
P1935,Produto 1935,Aplicativo,3561.6
P1936,Produto 1936,ERP,1169.55
P1937,Produto 1937,ERP,658.01
P1938,Produto 1938,ERP,1328.87
P1939,Produto 1939,BI,4059.14
P1940,Produto 1940,Integração,2241.21
P1941,Produto 1941,BI,4902.38
P1942,Produto 1942,Suporte,3186.13
P1943,Produto 1943,Suporte,2839.96
P1944,Produto 1944,Aplicativo,4284.13
P1945,Produto 1945,Aplicativo,4488.32
P1946,Produto 1946,Suporte,2975.35
P1947,Produto 1947,Aplicativo,1725.31
P1948,Produto 1948,BI,4561.9
P1949,Produto 1949,Adicional,3922.09
P1950,Produto 1950,Adicional,2646.6
P1951,Produto 1951,ERP,3977.54
P1952,Produto 1952,ERP,1399.65
P1953,Produto 1953,Integração,1245.33
P1954,Produto 1954,Segurança,2135.15
P1955,Produto 1955,ERP,1707.36
P1956,Produto 1956,Aplicativo,897.93
P1957,Produto 1957,Segurança,2753.17
P1958,Produto 1958,Suporte,2117.04
P1959,Produto 1959,CRM,3194.25
P1960,Produto 1960,Aplicativo,548.35
P1961,Produto 1961,BI,4919.17
P1962,Produto 1962,Suporte,2290.86
P1963,Produto 1963,Segurança,3329.75
P1964,Produto 1964,BI,1964.1
P1965,Produto 1965,CRM,2183.29
P1966,Produto 1966,CRM,2024.39
P1967,Produto 1967,Suporte,3696.89
P1968,Produto 1968,Integração,184.85
P1969,Produto 1969,Suporte,2618.06
P1970,Produto 1970,Segurança,3636.62
P1971,Produto 1971,BI,4124.35
P1972,Produto 1972,CRM,1133.38
P1973,Produto 1973,Adicional,1325.13
P1974,Produto 1974,Integração,2285.49
P1975,Produto 1975,Aplicativo,3791.21
P1976,Produto 1976,Integração,1366.82
P1977,Produto 1977,Segurança,2630.42
P1978,Produto 1978,Aplicativo,2521.86
P1979,Produto 1979,Aplicativo,2017.41
P1980,Produto 1980,CRM,3333.45
P1981,Produto 1981,CRM,1519.27
P1982,Produto 1982,Aplicativo,902.54
P1983,Produto 1983,Adicional,1121.14
P1984,Produto 1984,Aplicativo,1809.37
P1985,Produto 1985,Adicional,1337.75
P1986,Produto 1986,ERP,1990.67
P1987,Produto 1987,Suporte,993.23
P1988,Produto 1988,CRM,4247.37
P1989,Produto 1989,ERP,4706.61
P1990,Produto 1990,Suporte,522.52
P1991,Produto 1991,BI,2520.8
P1992,Produto 1992,Adicional,499.36
P1993,Produto 1993,ERP,1472.4
P1994,Produto 1994,BI,2807.38
P1995,Produto 1995,Segurança,1273.03
P1996,Produto 1996,Integração,2813.5
P1997,Produto 1997,BI,573.22
P1998,Produto 1998,ERP,4468.13
P1999,Produto 1999,CRM,3504.91
P2000,Produto 2000,Integração,910.77
